{"cameraMode":{"drawMode":0,"name":"Shaded","section":"Shading Mode"},"sceneLighting":false,"audioPlay":false,"sceneViewState":{"m_AlwaysRefresh":false,"showFog":true,"showSkybox":false,"showFlares":true,"showImageEffects":true,"showParticleSystems":true,"showVisualEffectGraphs":true,"m_FxEnabled":true},"in2DMode":false,"pivot":{"x":-1.101820707321167,"y":0.14852893352508546,"z":0.025969624519348146},"rotation":{"x":-0.010666913352906704,"y":0.7173410654067993,"z":-0.010982632637023926,"w":-0.6965553164482117},"size":1.20686936378479,"orthographic":false}