{"cameraMode":{"drawMode":0,"name":"Shaded","section":"Shading Mode"},"sceneLighting":false,"audioPlay":false,"sceneViewState":{"m_AlwaysRefresh":false,"showFog":true,"showSkybox":false,"showFlares":true,"showImageEffects":true,"showParticleSystems":true,"showVisualEffectGraphs":true,"m_FxEnabled":true},"in2DMode":false,"pivot":{"x":0.07213950157165528,"y":0.7990942597389221,"z":0.12719321250915528},"rotation":{"x":0.027528202161192895,"y":0.671678364276886,"z":0.024992085993289949,"w":-0.7399113774299622},"size":1.4933644533157349,"orthographic":false}